0064848240064801407b0	0	1353	0
006502814006500180d58	0	1355	0
006884422006880180ce8	0	1368	0
0069024120069000c0bb0	0	1370	0
00a88406204408910144e	0	1694	0
00a902052044109041316	0	1695	0
00ac00846044408140758	0	1699	0
00c4840640420890412a6	0	1786	0
00c50205404210908184e	0	1788	0
00cc004460428080c0ae8	0	1807	0
00ec4000e046000388c48	0	1862	0
0121260105041801407b0	0	2134	0
0123040511040890412a6	0	2152	0
012814802904480288916	0	2172	0
0128244025048803084a6	0	2175	0
0140a6020502180180d58	0	2233	0
01428406110208908184e	0	2258	0
0146008451024080c0b58	0	2275	0
014822402502900288916	0	2282	0
016a4000b1060002c8b10	0	2346	0
0184240445400881406e8	0	2402	0
0186048051404810413b0	0	2411	0
01884600a140180288958	0	2419	0
018a044031408810818e8	0	2426	0
01aa20003544001141710	0	2480	0
01ad06816144580000110	0	2483	0
01c620005542001181c48	0	2530	0
01eca4026546080100400	0	2591	0
022116010884180180ce8	0	2861	0
02230205108410910144e	0	2880	0
0224148048844803084a6	0	2885	0
022a004430848081406e8	0	2912	0
0240960208821800c0bb0	0	2960	0
024282061082109041316	0	2986	0
024412804882500288916	0	2993	0
0244224044829003084a6	0	2996	0
02664000d0860003486a0	0	3071	0
02844600c0c01803084e8	0	3133	0
0286028050c0501101558	0	3139	0
0288120428c01080c0b58	0	3144	0
028a024030c09010413b0	0	3154	0
02aa100038c4001181c48	0	3209	0
02c6100058c20010c1aa0	0	3259	0
02cc864260c29800000a0	0	3266	0
02ed120168c6100080800	0	3320	0
0302140419800880c0ae8	0	3360	0
030222041580108140758	0	3362	0
0302460091801802483b0	0	3364	0
032b064131849800000a0	0	3453	0
034686825182580000110	0	3503	0
036722015586100100400	0	3557	0
036a94023986080080800	0	3562	0
04218407000c0881406e8	0	3839	0
04250085400c40830844e	0	3867	0
04290045200c8082482a6	0	3882	0
04418207000a1080c0b58	0	3947	0
04448086400a408248316	0	3972	0
04488046200a80828884e	0	3989	0
04638003100e001181c48	0	4039	0
0481860300481810413b0	0	4082	0
048502814048501209116	0	4110	0
0488844220488812090a6	0	4123	0
048c00c06048c002483b0	0	4129	0
04a91001284c001289806	0	4157	0
04c4a002444a001309406	0	4176	0
04ed8007604e008040200	0	4211	0
0500a406050808830844e	0	4231	0
050122050508108248316	0	4239	0
050284821108481209116	0	4256	0
050a00c03108c00288958	0	4289	0
05232001150c001309406	0	4334	0
058830002d480002c8b10	0	4395	0
05ab8403314c081001000	0	4425	0
0600940608880882482a6	0	4445	0
06011205088810828884e	0	4453	0
0603024110889012090a6	0	4473	0
060600c05088c003084e8	0	4489	0
06429002188a001289806	0	4548	0
068430004cc80003486a0	0	4607	0
06c7820350ca101001000	0	4637	0
070230001d88000388c48	0	4659	0
070386071188188000048	0	4660	0
0821148108244810818a6	0	4966	0
082122810424501101516	0	4968	0
082820c02424c001407b0	0	5008	0
08284084a024408248316	0	5012	0
0840c40680220880c0ae8	0	5070	0
0841224104229010818a6	0	5077	0
084420c04422c00180ce8	0	5100	0
08444084c02240828884e	0	5104	0
0863400190260010c1aa0	0	5173	0
0881460180601810818e8	0	5214	0
08842084446040910144e	0	5236	0
08844480c0604812090a6	0	5240	0
0888204424608090412a6	0	5252	0
08a86000a464001309406	0	5314	0
090034800d204800c0bb0	0	5351	0
0900640485200882482a6	0	5358	0
090220841520409041316	0	5385	0
094260009522001289806	0	5464	0
0944a4864522488000006	0	5472	0
098c24c06560c800000a0	0	5533	0
0a0032800ca0500180d58	0	5567	0
0a00620484a010830844e	0	5574	0
0a02108418a040908184e	0	5598	0
0a02428090a0501209116	0	5603	0
0a28948628a4488000006	0	5666	0
0a48a24624a2908000006	0	5694	0
0a6ac006b0a6008040200	0	5721	0
0a88c606a0e0188000048	0	5746	0
0aab4201b0e4101001000	0	5775	0
0aac30806ce4400100400	0	5776	0
0b0a22c035a0d00000110	0	5801	0
0b4630805da2400080800	0	5824	0
0c00a0860428408140758	0	5851	0
0c00c48280284802483b0	0	5855	0
0c0142818028500288958	0	5863	0
0c0300c11028c010818e8	0	5878	0
0c216001842c0003486a0	0	5953	0
0c2984c3202cc800000a0	0	5962	0
0c40e002842a000388c48	0	6005	0
0c65a083442e400100400	0	6067	0
0c8130010c680010c1aa0	0	6087	0
0cad4081e06c400208000	0	6128	0
0d01a6830528580000110	0	6143	0
0d8720815568401001000	0	6203	0
0d88e402a568080208000	0	6206	0
0e0a80c630a8c08000048	0	6234	0
0e41b2030caa100080800	0	6251	0
0e46c082d0aa400208000	0	6257	0
0e88b0062ce8008040200	0	6287	0
0f03620195a8100208000	0	6306	0
102094820814481101516	0	6577	0
102142058014108140758	0	6591	0
102810c02814c00180d58	0	6626	0
10284044a01480830844e	0	6631	0
1040944208128810818a6	0	6686	0
1040a2420412901101516	0	6687	0
104410c04812c000c0bb0	0	6718	0
10444044c0128082482a6	0	6723	0
1062c0029016001141710	0	6793	0
1080c6028050181101558	0	6825	0
108410844850409041316	0	6855	0
10881044285080908184e	0	6869	0
10884240a050901209116	0	6876	0
10c45000c852001289806	0	6928	0
110034400d10880180ce8	0	6971	0
11005404891008828884e	0	6975	0
11022044151080910144e	0	7005	0
1102444091108812090a6	0	7007	0
112514854914488000006	0	7066	0
114522454512908000006	0	7094	0
11674005d116008040200	0	7121	0
11854605c150188000048	0	7146	0
11c6c402d152081001000	0	7175	0
11cc30406d52800080800	0	7180	0
120032400c909001407b0	0	7187	0
120052048890108248316	0	7191	0
1202104418908090412a6	0	7218	0
122250009894001309406	0	7299	0
122912452894908000006	0	7316	0
128c12c068d0d00000110	0	7369	0
130614c05990c800000a0	0	7417	0
132a30403d94800100400	0	7448	0
1400c44280188803084e8	0	7475	0
1401104508188080c0ae8	0	7478	0
1401424180189002483b0	0	7483	0
140280c21018c01101558	0	7496	0
14215001881c000388c48	0	7573	0
1440d002881a0002c8b10	0	7625	0
144582c3401ad00000110	0	7632	0
14699043281e800080800	0	7692	0
1480b0020c58001141710	0	7705	0
14ccc042e05a800208000	0	7748	0
150700c55118c08000048	0	7769	0
1521b4030d1c080100400	0	7790	0
152b4041b11c800208000	0	7800	0
158530054d58008040200	0	7822	0
1601964308989800000a0	0	7844	0
16855201c8d8100208000	0	7903	0
168a904238d8801001000	0	7909	0
1702d4029998080208000	0	7925	0
1800508488304080c0b58	0	7949	0
1800604484308081406e8	0	7951	0
180240c09030c010413b0	0	7980	0
182942c1a034d00000110	0	8068	0
1844c4c2c032c800000a0	0	8118	0
18655081c836400080800	0	8173	0
1868e042a436800100400	0	8177	0
188070008c70001181c48	0	8190	0
188c40c4e070c08000048	0	8207	0
1901664185309800000a0	0	8248	0
1940f4028d32080080800	0	8272	0
198a6040b570801001000	0	8314	0
1a00d68288b0580000110	0	8327	0
1a2172018cb4100100400	0	8356	0
1a865080d8f0401001000	0	8390	0
1b0270049db0008040200	0	8411	0
