point_id	t	x0	x1	x2	x3
2	2	0	0	0	0
13	1	1	1	0	0
16	1	2	1	0	0
22	1	1	2	0	0
25	1	2	2	0	0
28	1	0	0	1	0
31	1	1	0	1	0
39	0	1	1	1	0
42	0	2	1	1	0
48	0	1	2	1	0
51	0	2	2	1	0
55	1	0	0	2	0
61	1	2	0	2	0
66	0	1	1	2	0
69	0	2	1	2	0
75	0	1	2	2	0
78	0	2	2	2	0
84	0	1	0	0	1
87	0	2	0	0	1
90	0	0	1	0	1
94	1	1	1	0	1
99	0	0	2	0	1
103	1	1	2	0	1
108	0	0	0	1	1
112	1	1	0	1	1
115	1	2	0	1	1
135	0	0	0	2	1
151	1	2	1	2	1
160	1	2	2	2	1
165	0	1	0	0	2
168	0	2	0	0	2
171	0	0	1	0	2
178	1	2	1	0	2
180	0	0	2	0	2
187	1	2	2	0	2
189	0	0	0	1	2
202	1	1	1	1	2
211	1	1	2	1	2
216	0	0	0	2	2
220	1	1	0	2	2
223	1	2	0	2	2
