histogram_id	point_number	x1	x2	x3	x4	x5
0	0	0	0	1	1	1
0	1	0	0	2	0	0
0	2	0	1	0	1	2
0	3	0	1	1	1	2
0	4	0	1	1	2	0
0	5	0	2	1	0	0
0	6	1	0	0	2	0
0	7	1	0	1	2	1
0	8	1	0	2	0	0
0	9	1	0	2	1	2
0	10	1	1	1	1	0
0	11	1	1	1	1	1
0	12	1	1	1	2	2
0	13	1	1	2	0	0
0	14	1	1	2	1	0
0	15	1	2	0	0	1
0	16	1	2	1	1	1
0	17	1	2	1	1	2
0	18	1	2	1	2	1
0	19	1	2	1	2	2
0	20	1	2	2	0	1
0	21	1	2	2	1	2
0	22	1	2	2	2	2
0	23	2	0	0	1	1
0	24	2	1	0	0	1
0	25	2	1	0	0	2
0	26	2	1	0	2	0
0	27	2	1	1	2	0
0	28	2	1	1	2	2
0	29	2	1	2	0	0
0	30	2	1	2	0	1
0	31	2	1	2	2	2
0	32	2	2	0	0	0
0	33	2	2	1	0	1
0	34	2	2	1	0	2
0	35	2	2	1	1	0
0	36	2	2	1	2	0
0	37	2	2	2	1	1
0	38	2	2	2	1	2
0	39	2	2	2	2	1
0	40	2	2	2	2	2
1	0	0	0	1	1	1
1	1	0	0	2	0	0
1	2	0	1	1	1	1
1	3	0	1	1	1	2
1	4	0	1	1	2	0
1	5	0	2	1	0	0
1	6	1	0	0	2	0
1	7	1	0	2	0	0
1	8	1	0	2	1	2
1	9	1	0	2	2	0
1	10	1	1	1	1	0
1	11	1	1	1	1	1
1	12	1	1	1	2	2
1	13	1	1	2	0	0
1	14	1	1	2	1	0
1	15	1	2	0	0	1
1	16	1	2	1	1	1
1	17	1	2	1	1	2
1	18	1	2	1	2	1
1	19	1	2	1	2	2
1	20	1	2	2	0	1
1	21	1	2	2	1	2
1	22	1	2	2	2	2
1	23	2	0	0	1	1
1	24	2	1	0	0	1
1	25	2	1	0	0	2
1	26	2	1	0	2	0
1	27	2	1	1	2	0
1	28	2	1	1	2	2
1	29	2	1	2	0	0
1	30	2	1	2	0	1
1	31	2	1	2	2	2
1	32	2	2	0	0	0
1	33	2	2	1	0	1
1	34	2	2	1	0	2
1	35	2	2	1	1	0
1	36	2	2	1	2	0
1	37	2	2	2	1	1
1	38	2	2	2	1	2
1	39	2	2	2	2	1
1	40	2	2	2	2	2
2	0	0	0	0	0	1
2	1	0	1	0	0	0
2	2	0	1	1	2	2
2	3	0	1	2	1	0
2	4	0	2	1	0	1
2	5	0	2	2	0	2
2	6	1	0	0	0	0
2	7	1	0	0	1	1
2	8	1	0	1	1	1
2	9	1	0	1	2	0
2	10	1	0	2	1	2
2	11	1	0	2	2	0
2	12	1	1	0	2	1
2	13	1	1	0	2	2
2	14	1	1	1	1	2
2	15	1	2	0	2	1
2	16	1	2	0	2	2
2	17	1	2	1	1	1
2	18	1	2	1	1	2
2	19	1	2	1	2	0
2	20	1	2	2	1	1
2	21	1	2	2	1	2
2	22	1	2	2	2	0
2	23	2	0	0	1	0
2	24	2	0	0	2	0
2	25	2	1	0	0	1
2	26	2	1	0	0	2
2	27	2	1	0	2	1
2	28	2	1	0	2	2
2	29	2	1	1	0	0
2	30	2	1	1	1	0
2	31	2	1	2	0	0
2	32	2	1	2	1	0
2	33	2	2	1	0	1
2	34	2	2	1	0	2
2	35	2	2	1	1	1
2	36	2	2	1	2	2
2	37	2	2	2	0	1
2	38	2	2	2	0	2
2	39	2	2	2	1	2
2	40	2	2	2	2	1
3	0	0	0	0	1	0
3	1	0	1	1	1	0
3	2	0	1	1	1	1
3	3	0	2	0	0	2
3	4	0	2	0	2	1
3	5	0	2	1	1	2
3	6	1	0	0	1	2
3	7	1	0	1	1	0
3	8	1	0	2	0	2
3	9	1	1	0	0	1
3	10	1	1	0	1	0
3	11	1	1	0	1	2
3	12	1	1	1	0	1
3	13	1	1	1	1	0
3	14	1	1	1	1	2
3	15	1	1	2	0	0
3	16	1	1	2	0	2
3	17	1	2	0	0	1
3	18	1	2	0	0	2
3	19	1	2	0	1	0
3	20	1	2	1	0	1
3	21	1	2	1	1	2
3	22	1	2	2	2	1
3	23	2	0	0	1	0
3	24	2	0	0	2	0
3	25	2	1	0	0	1
3	26	2	1	0	0	2
3	27	2	1	0	1	1
3	28	2	1	0	1	2
3	29	2	1	1	0	0
3	30	2	1	1	2	0
3	31	2	1	2	0	0
3	32	2	1	2	2	0
3	33	2	2	1	0	1
3	34	2	2	1	0	2
3	35	2	2	1	1	1
3	36	2	2	1	2	2
3	37	2	2	2	0	1
3	38	2	2	2	0	2
3	39	2	2	2	1	2
3	40	2	2	2	2	1
4	0	0	0	0	1	0
4	1	0	2	0	0	0
4	2	0	2	1	1	1
4	3	0	2	1	2	0
4	4	0	2	2	1	2
4	5	0	2	2	2	0
4	6	1	0	0	0	0
4	7	1	0	0	2	1
4	8	1	0	0	2	2
4	9	1	0	1	1	2
4	10	1	1	0	0	1
4	11	1	1	0	0	2
4	12	1	1	0	2	1
4	13	1	1	0	2	2
4	14	1	1	1	0	0
4	15	1	1	1	1	0
4	16	1	1	2	0	0
4	17	1	1	2	1	0
4	18	1	2	0	0	0
4	19	1	2	1	1	0
4	20	1	2	1	2	2
4	21	1	2	2	1	0
4	22	1	2	2	2	1
4	23	2	0	1	0	1
4	24	2	0	2	0	2
4	25	2	1	0	2	1
4	26	2	1	0	2	2
4	27	2	1	1	1	1
4	28	2	1	1	1	2
4	29	2	1	1	2	0
4	30	2	1	2	1	1
4	31	2	1	2	1	2
4	32	2	1	2	2	0
4	33	2	2	1	0	1
4	34	2	2	1	0	2
4	35	2	2	1	1	1
4	36	2	2	1	2	2
4	37	2	2	2	0	1
4	38	2	2	2	0	2
4	39	2	2	2	1	2
4	40	2	2	2	2	1
5	0	0	0	0	1	0
5	1	0	2	0	0	0
5	2	0	2	1	1	1
5	3	0	2	1	2	0
5	4	0	2	2	1	2
5	5	0	2	2	2	0
5	6	1	0	0	0	0
5	7	1	0	0	2	1
5	8	1	0	1	1	2
5	9	1	0	2	1	1
5	10	1	1	0	0	1
5	11	1	1	0	0	2
5	12	1	1	0	2	1
5	13	1	1	0	2	2
5	14	1	1	1	0	0
5	15	1	1	1	1	0
5	16	1	1	2	0	0
5	17	1	1	2	1	0
5	18	1	2	0	0	0
5	19	1	2	1	1	0
5	20	1	2	1	2	2
5	21	1	2	2	1	0
5	22	1	2	2	2	1
5	23	2	0	1	0	1
5	24	2	0	2	0	2
5	25	2	1	0	2	1
5	26	2	1	0	2	2
5	27	2	1	1	1	1
5	28	2	1	1	1	2
5	29	2	1	1	2	0
5	30	2	1	2	1	1
5	31	2	1	2	1	2
5	32	2	1	2	2	0
5	33	2	2	1	0	1
5	34	2	2	1	0	2
5	35	2	2	1	1	1
5	36	2	2	1	2	2
5	37	2	2	2	0	1
5	38	2	2	2	0	2
5	39	2	2	2	1	2
5	40	2	2	2	2	1
6	0	0	0	0	1	0
6	1	0	2	0	0	0
6	2	0	2	1	1	1
6	3	0	2	1	2	0
6	4	0	2	2	1	2
6	5	0	2	2	2	0
6	6	1	0	0	2	1
6	7	1	0	0	2	2
6	8	1	0	1	1	2
6	9	1	0	2	1	1
6	10	1	1	0	0	1
6	11	1	1	0	0	2
6	12	1	1	0	2	1
6	13	1	1	0	2	2
6	14	1	1	1	0	0
6	15	1	1	1	1	0
6	16	1	1	2	0	0
6	17	1	1	2	1	0
6	18	1	2	0	0	0
6	19	1	2	1	1	0
6	20	1	2	1	2	2
6	21	1	2	2	1	0
6	22	1	2	2	2	1
6	23	2	0	1	0	1
6	24	2	0	2	0	2
6	25	2	1	0	2	1
6	26	2	1	0	2	2
6	27	2	1	1	1	1
6	28	2	1	1	1	2
6	29	2	1	1	2	0
6	30	2	1	2	1	1
6	31	2	1	2	1	2
6	32	2	1	2	2	0
6	33	2	2	1	0	1
6	34	2	2	1	0	2
6	35	2	2	1	1	1
6	36	2	2	1	2	2
6	37	2	2	2	0	1
6	38	2	2	2	0	2
6	39	2	2	2	1	2
6	40	2	2	2	2	1
7	0	0	0	0	2	0
7	1	0	2	0	0	0
7	2	0	2	1	1	1
7	3	0	2	1	2	0
7	4	0	2	2	1	2
7	5	0	2	2	2	0
7	6	1	0	0	0	0
7	7	1	0	0	2	1
7	8	1	0	0	2	2
7	9	1	0	1	1	2
7	10	1	1	0	0	1
7	11	1	1	0	0	2
7	12	1	1	0	2	1
7	13	1	1	0	2	2
7	14	1	1	1	0	0
7	15	1	1	1	1	0
7	16	1	1	2	0	0
7	17	1	1	2	1	0
7	18	1	2	0	0	0
7	19	1	2	1	1	0
7	20	1	2	1	2	2
7	21	1	2	2	1	0
7	22	1	2	2	2	1
7	23	2	0	1	0	1
7	24	2	0	2	0	2
7	25	2	1	0	2	1
7	26	2	1	0	2	2
7	27	2	1	1	1	1
7	28	2	1	1	1	2
7	29	2	1	1	2	0
7	30	2	1	2	1	1
7	31	2	1	2	1	2
7	32	2	1	2	2	0
7	33	2	2	1	0	1
7	34	2	2	1	0	2
7	35	2	2	1	1	1
7	36	2	2	1	2	2
7	37	2	2	2	0	1
7	38	2	2	2	0	2
7	39	2	2	2	1	2
7	40	2	2	2	2	1
8	0	0	0	0	2	0
8	1	0	2	0	0	0
8	2	0	2	1	1	1
8	3	0	2	1	2	0
8	4	0	2	2	1	2
8	5	0	2	2	2	0
8	6	1	0	0	0	0
8	7	1	0	0	2	1
8	8	1	0	1	1	2
8	9	1	0	2	1	1
8	10	1	1	0	0	1
8	11	1	1	0	0	2
8	12	1	1	0	2	1
8	13	1	1	0	2	2
8	14	1	1	1	0	0
8	15	1	1	1	1	0
8	16	1	1	2	0	0
8	17	1	1	2	1	0
8	18	1	2	0	0	0
8	19	1	2	1	1	0
8	20	1	2	1	2	2
8	21	1	2	2	1	0
8	22	1	2	2	2	1
8	23	2	0	1	0	1
8	24	2	0	2	0	2
8	25	2	1	0	2	1
8	26	2	1	0	2	2
8	27	2	1	1	1	1
8	28	2	1	1	1	2
8	29	2	1	1	2	0
8	30	2	1	2	1	1
8	31	2	1	2	1	2
8	32	2	1	2	2	0
8	33	2	2	1	0	1
8	34	2	2	1	0	2
8	35	2	2	1	1	1
8	36	2	2	1	2	2
8	37	2	2	2	0	1
8	38	2	2	2	0	2
8	39	2	2	2	1	2
8	40	2	2	2	2	1
9	0	0	0	1	0	2
9	1	0	2	0	0	0
9	2	0	2	1	1	1
9	3	0	2	1	2	0
9	4	0	2	2	1	2
9	5	0	2	2	2	0
9	6	1	0	0	0	0
9	7	1	0	0	1	1
9	8	1	0	1	2	1
9	9	1	0	2	2	2
9	10	1	1	0	1	1
9	11	1	1	0	1	2
9	12	1	1	1	1	0
9	13	1	1	1	2	1
9	14	1	1	1	2	2
9	15	1	1	2	1	0
9	16	1	1	2	2	1
9	17	1	1	2	2	2
9	18	1	2	0	0	0
9	19	1	2	1	1	0
9	20	1	2	1	2	2
9	21	1	2	2	1	0
9	22	1	2	2	2	1
9	23	2	0	0	1	0
9	24	2	0	0	2	0
9	25	2	1	0	0	1
9	26	2	1	0	0	2
9	27	2	1	0	1	1
9	28	2	1	0	1	2
9	29	2	1	1	0	0
9	30	2	1	1	2	0
9	31	2	1	2	0	0
9	32	2	1	2	2	0
9	33	2	2	1	0	1
9	34	2	2	1	0	2
9	35	2	2	1	1	1
9	36	2	2	1	2	2
9	37	2	2	2	0	1
9	38	2	2	2	0	2
9	39	2	2	2	1	2
9	40	2	2	2	2	1
10	0	0	0	1	0	2
10	1	0	2	0	0	0
10	2	0	2	1	1	1
10	3	0	2	1	2	0
10	4	0	2	2	1	2
10	5	0	2	2	2	0
10	6	1	0	0	1	1
10	7	1	0	0	1	2
10	8	1	0	1	2	1
10	9	1	0	2	2	2
10	10	1	1	0	1	1
10	11	1	1	0	1	2
10	12	1	1	1	1	0
10	13	1	1	1	2	1
10	14	1	1	1	2	2
10	15	1	1	2	1	0
10	16	1	1	2	2	1
10	17	1	1	2	2	2
10	18	1	2	0	0	0
10	19	1	2	1	1	0
10	20	1	2	1	2	2
10	21	1	2	2	1	0
10	22	1	2	2	2	1
10	23	2	0	0	1	0
10	24	2	0	0	2	0
10	25	2	1	0	0	1
10	26	2	1	0	0	2
10	27	2	1	0	1	1
10	28	2	1	0	1	2
10	29	2	1	1	0	0
10	30	2	1	1	2	0
10	31	2	1	2	0	0
10	32	2	1	2	2	0
10	33	2	2	1	0	1
10	34	2	2	1	0	2
10	35	2	2	1	1	1
10	36	2	2	1	2	2
10	37	2	2	2	0	1
10	38	2	2	2	0	2
10	39	2	2	2	1	2
10	40	2	2	2	2	1
11	0	0	1	0	0	1
11	1	0	2	0	0	0
11	2	0	2	1	1	1
11	3	0	2	1	2	0
11	4	0	2	2	1	2
11	5	0	2	2	2	0
11	6	1	0	0	0	0
11	7	1	0	0	2	1
11	8	1	0	0	2	2
11	9	1	0	1	1	2
11	10	1	1	0	0	2
11	11	1	1	0	2	1
11	12	1	1	0	2	2
11	13	1	1	1	0	0
11	14	1	1	1	1	0
11	15	1	1	1	2	2
11	16	1	1	2	0	0
11	17	1	1	2	1	0
11	18	1	2	0	0	0
11	19	1	2	1	1	0
11	20	1	2	1	2	2
11	21	1	2	2	1	0
11	22	1	2	2	2	1
11	23	2	0	1	0	1
11	24	2	0	2	0	2
11	25	2	1	0	2	1
11	26	2	1	0	2	2
11	27	2	1	1	1	1
11	28	2	1	1	1	2
11	29	2	1	1	2	0
11	30	2	1	2	1	1
11	31	2	1	2	1	2
11	32	2	1	2	2	0
11	33	2	2	1	0	1
11	34	2	2	1	0	2
11	35	2	2	1	1	1
11	36	2	2	1	2	2
11	37	2	2	2	0	1
11	38	2	2	2	0	2
11	39	2	2	2	1	2
11	40	2	2	2	2	1
12	0	0	1	0	0	2
12	1	0	2	0	0	0
12	2	0	2	1	1	1
12	3	0	2	1	2	0
12	4	0	2	2	1	2
12	5	0	2	2	2	0
12	6	1	0	0	0	0
12	7	1	0	0	2	1
12	8	1	0	0	2	2
12	9	1	0	1	1	2
12	10	1	1	0	0	1
12	11	1	1	0	0	2
12	12	1	1	0	2	1
12	13	1	1	0	2	2
12	14	1	1	1	0	0
12	15	1	1	1	1	0
12	16	1	1	2	0	0
12	17	1	1	2	1	0
12	18	1	2	0	0	0
12	19	1	2	1	1	0
12	20	1	2	1	2	2
12	21	1	2	2	1	0
12	22	1	2	2	2	1
12	23	2	0	1	0	1
12	24	2	0	2	0	2
12	25	2	1	0	2	1
12	26	2	1	0	2	2
12	27	2	1	1	1	1
12	28	2	1	1	1	2
12	29	2	1	1	2	0
12	30	2	1	2	1	1
12	31	2	1	2	1	2
12	32	2	1	2	2	0
12	33	2	2	1	0	1
12	34	2	2	1	0	2
12	35	2	2	1	1	1
12	36	2	2	1	2	2
12	37	2	2	2	0	1
12	38	2	2	2	0	2
12	39	2	2	2	1	2
12	40	2	2	2	2	1
13	0	0	1	0	0	2
13	1	0	2	0	0	0
13	2	0	2	1	1	1
13	3	0	2	1	2	0
13	4	0	2	2	1	2
13	5	0	2	2	2	0
13	6	1	0	0	0	0
13	7	1	0	0	2	1
13	8	1	0	0	2	2
13	9	1	0	1	1	2
13	10	1	1	0	0	1
13	11	1	1	0	0	2
13	12	1	1	0	2	1
13	13	1	1	0	2	2
13	14	1	1	1	1	0
13	15	1	1	2	0	0
13	16	1	1	2	1	0
13	17	1	1	2	1	2
13	18	1	2	0	0	0
13	19	1	2	1	1	0
13	20	1	2	1	2	2
13	21	1	2	2	1	0
13	22	1	2	2	2	1
13	23	2	0	1	0	1
13	24	2	0	2	0	2
13	25	2	1	0	2	1
13	26	2	1	0	2	2
13	27	2	1	1	1	1
13	28	2	1	1	1	2
13	29	2	1	1	2	0
13	30	2	1	2	1	1
13	31	2	1	2	1	2
13	32	2	1	2	2	0
13	33	2	2	1	0	1
13	34	2	2	1	0	2
13	35	2	2	1	1	1
13	36	2	2	1	2	2
13	37	2	2	2	0	1
13	38	2	2	2	0	2
13	39	2	2	2	1	2
13	40	2	2	2	2	1
14	0	0	1	0	0	2
14	1	0	2	0	0	0
14	2	0	2	1	1	1
14	3	0	2	1	2	0
14	4	0	2	2	1	2
14	5	0	2	2	2	0
14	6	1	0	0	0	0
14	7	1	0	0	2	1
14	8	1	0	1	1	2
14	9	1	0	2	1	1
14	10	1	1	0	0	1
14	11	1	1	0	0	2
14	12	1	1	0	2	1
14	13	1	1	0	2	2
14	14	1	1	1	0	0
14	15	1	1	1	1	0
14	16	1	1	2	0	0
14	17	1	1	2	1	0
14	18	1	2	0	0	0
14	19	1	2	1	1	0
14	20	1	2	1	2	2
14	21	1	2	2	1	0
14	22	1	2	2	2	1
14	23	2	0	1	0	1
14	24	2	0	2	0	2
14	25	2	1	0	2	1
14	26	2	1	0	2	2
14	27	2	1	1	1	1
14	28	2	1	1	1	2
14	29	2	1	1	2	0
14	30	2	1	2	1	1
14	31	2	1	2	1	2
14	32	2	1	2	2	0
14	33	2	2	1	0	1
14	34	2	2	1	0	2
14	35	2	2	1	1	1
14	36	2	2	1	2	2
14	37	2	2	2	0	1
14	38	2	2	2	0	2
14	39	2	2	2	1	2
14	40	2	2	2	2	1
15	0	0	1	0	0	1
15	1	0	2	0	0	0
15	2	0	2	1	1	1
15	3	0	2	1	2	0
15	4	0	2	2	1	2
15	5	0	2	2	2	0
15	6	1	0	0	0	0
15	7	1	0	0	1	1
15	8	1	0	1	2	1
15	9	1	0	2	2	2
15	10	1	1	0	1	1
15	11	1	1	0	1	2
15	12	1	1	1	1	0
15	13	1	1	1	2	1
15	14	1	1	1	2	2
15	15	1	1	2	1	0
15	16	1	1	2	2	1
15	17	1	1	2	2	2
15	18	1	2	0	0	0
15	19	1	2	1	1	0
15	20	1	2	1	2	2
15	21	1	2	2	1	0
15	22	1	2	2	2	1
15	23	2	0	0	1	0
15	24	2	0	0	2	0
15	25	2	1	0	0	1
15	26	2	1	0	0	2
15	27	2	1	0	1	1
15	28	2	1	0	1	2
15	29	2	1	1	0	0
15	30	2	1	1	2	0
15	31	2	1	2	0	0
15	32	2	1	2	2	0
15	33	2	2	1	0	1
15	34	2	2	1	0	2
15	35	2	2	1	1	1
15	36	2	2	1	2	2
15	37	2	2	2	0	1
15	38	2	2	2	0	2
15	39	2	2	2	1	2
15	40	2	2	2	2	1
16	0	0	1	0	0	1
16	1	0	2	0	0	0
16	2	0	2	1	1	1
16	3	0	2	1	2	0
16	4	0	2	2	1	2
16	5	0	2	2	2	0
16	6	1	0	0	1	1
16	7	1	0	0	1	2
16	8	1	0	1	2	1
16	9	1	0	2	2	2
16	10	1	1	0	1	1
16	11	1	1	0	1	2
16	12	1	1	1	1	0
16	13	1	1	1	2	1
16	14	1	1	1	2	2
16	15	1	1	2	1	0
16	16	1	1	2	2	1
16	17	1	1	2	2	2
16	18	1	2	0	0	0
16	19	1	2	1	1	0
16	20	1	2	1	2	2
16	21	1	2	2	1	0
16	22	1	2	2	2	1
16	23	2	0	0	1	0
16	24	2	0	0	2	0
16	25	2	1	0	0	1
16	26	2	1	0	0	2
16	27	2	1	0	1	1
16	28	2	1	0	1	2
16	29	2	1	1	0	0
16	30	2	1	1	2	0
16	31	2	1	2	0	0
16	32	2	1	2	2	0
16	33	2	2	1	0	1
16	34	2	2	1	0	2
16	35	2	2	1	1	1
16	36	2	2	1	2	2
16	37	2	2	2	0	1
16	38	2	2	2	0	2
16	39	2	2	2	1	2
16	40	2	2	2	2	1
17	0	0	1	0	0	1
17	1	0	1	0	0	2
17	2	0	1	0	2	0
17	3	0	1	2	1	1
17	4	0	2	1	0	1
17	5	0	2	2	0	2
17	6	1	0	0	0	1
17	7	1	0	0	0	2
17	8	1	0	0	1	0
17	9	1	0	1	2	1
17	10	1	0	2	2	2
17	11	1	1	1	0	2
17	12	1	1	1	1	0
17	13	1	1	2	0	1
17	14	1	1	2	1	0
17	15	1	2	0	2	1
17	16	1	2	0	2	2
17	17	1	2	1	1	1
17	18	1	2	1	1	2
17	19	1	2	1	2	0
17	20	1	2	2	1	1
17	21	1	2	2	1	2
17	22	1	2	2	2	0
17	23	2	0	0	0	0
17	24	2	0	0	2	0
17	25	2	1	0	0	1
17	26	2	1	0	0	2
17	27	2	1	0	1	1
17	28	2	1	0	2	2
17	29	2	1	1	1	0
17	30	2	1	1	2	0
17	31	2	1	2	1	0
17	32	2	1	2	2	0
17	33	2	2	1	0	1
17	34	2	2	1	0	2
17	35	2	2	1	1	1
17	36	2	2	1	2	2
17	37	2	2	2	0	1
17	38	2	2	2	0	2
17	39	2	2	2	1	2
17	40	2	2	2	2	1
18	0	0	1	0	0	0
18	1	0	1	1	1	1
18	2	0	1	1	2	0
18	3	0	1	2	1	2
18	4	0	2	0	1	0
18	5	0	2	0	2	0
18	6	1	0	0	0	0
18	7	1	0	1	1	0
18	8	1	0	1	2	2
18	9	1	0	2	1	0
18	10	1	0	2	2	1
18	11	1	1	0	2	1
18	12	1	1	0	2	2
18	13	1	1	1	1	2
18	14	1	1	2	1	1
18	15	1	2	0	0	1
18	16	1	2	0	0	2
18	17	1	2	0	2	1
18	18	1	2	0	2	2
18	19	1	2	1	0	0
18	20	1	2	1	1	0
18	21	1	2	2	0	0
18	22	1	2	2	1	0
18	23	2	0	1	0	1
18	24	2	0	2	0	2
18	25	2	1	0	2	1
18	26	2	1	0	2	2
18	27	2	1	1	1	1
18	28	2	1	1	1	2
18	29	2	1	1	2	0
18	30	2	1	2	1	1
18	31	2	1	2	1	2
18	32	2	1	2	2	0
18	33	2	2	1	0	1
18	34	2	2	1	0	2
18	35	2	2	1	1	1
18	36	2	2	1	2	2
18	37	2	2	2	0	1
18	38	2	2	2	0	2
18	39	2	2	2	1	2
18	40	2	2	2	2	1
19	0	0	1	0	0	0
19	1	0	1	1	1	0
19	2	0	1	1	2	2
19	3	0	1	2	1	0
19	4	0	2	1	0	1
19	5	0	2	2	0	2
19	6	1	0	0	0	0
19	7	1	0	1	1	1
19	8	1	0	1	2	0
19	9	1	0	2	1	2
19	10	1	0	2	2	0
19	11	1	1	0	0	0
19	12	1	1	0	2	1
19	13	1	1	1	1	2
19	14	1	1	2	1	1
19	15	1	2	0	2	1
19	16	1	2	0	2	2
19	17	1	2	1	1	1
19	18	1	2	1	1	2
19	19	1	2	1	2	0
19	20	1	2	2	1	1
19	21	1	2	2	1	2
19	22	1	2	2	2	0
19	23	2	0	0	1	0
19	24	2	0	0	2	0
19	25	2	1	0	0	1
19	26	2	1	0	0	2
19	27	2	1	0	2	1
19	28	2	1	0	2	2
19	29	2	1	1	0	0
19	30	2	1	1	1	0
19	31	2	1	2	0	0
19	32	2	1	2	1	0
19	33	2	2	1	0	1
19	34	2	2	1	0	2
19	35	2	2	1	1	1
19	36	2	2	1	2	2
19	37	2	2	2	0	1
19	38	2	2	2	0	2
19	39	2	2	2	1	2
19	40	2	2	2	2	1
20	0	0	0	1	0	2
20	1	0	1	2	0	1
20	2	0	2	0	1	0
20	3	0	2	0	2	0
20	4	0	2	1	0	1
20	5	0	2	2	0	2
20	6	1	0	0	2	0
20	7	1	0	1	1	1
20	8	1	0	1	1	2
20	9	1	0	2	1	2
20	10	1	1	0	1	1
20	11	1	1	0	1	2
20	12	1	1	1	1	0
20	13	1	1	1	2	1
20	14	1	1	1	2	2
20	15	1	1	2	1	0
20	16	1	1	2	2	1
20	17	1	1	2	2	2
20	18	1	2	0	1	0
20	19	1	2	0	2	1
20	20	1	2	0	2	2
20	21	1	2	1	2	0
20	22	1	2	2	2	0
20	23	2	0	0	0	0
20	24	2	0	0	2	0
20	25	2	1	0	0	1
20	26	2	1	0	0	2
20	27	2	1	0	1	2
20	28	2	1	0	2	1
20	29	2	1	1	0	0
20	30	2	1	1	1	0
20	31	2	1	2	0	0
20	32	2	1	2	2	0
20	33	2	2	1	0	1
20	34	2	2	1	0	2
20	35	2	2	1	1	1
20	36	2	2	1	2	2
20	37	2	2	2	0	1
20	38	2	2	2	0	2
20	39	2	2	2	1	2
20	40	2	2	2	2	1
21	0	0	0	0	1	0
21	1	0	1	0	0	2
21	2	0	2	1	1	1
21	3	0	2	1	2	0
21	4	0	2	2	1	2
21	5	0	2	2	2	0
21	6	1	0	0	0	0
21	7	1	0	0	2	1
21	8	1	0	0	2	2
21	9	1	0	1	1	2
21	10	1	1	0	0	1
21	11	1	1	0	0	2
21	12	1	1	0	2	1
21	13	1	1	0	2	2
21	14	1	1	1	0	0
21	15	1	1	1	1	0
21	16	1	1	2	0	0
21	17	1	1	2	1	0
21	18	1	2	0	0	0
21	19	1	2	1	1	0
21	20	1	2	1	2	2
21	21	1	2	2	1	0
21	22	1	2	2	2	1
21	23	2	0	1	0	1
21	24	2	0	2	0	2
21	25	2	1	0	2	1
21	26	2	1	0	2	2
21	27	2	1	1	1	1
21	28	2	1	1	1	2
21	29	2	1	1	2	0
21	30	2	1	2	1	1
21	31	2	1	2	1	2
21	32	2	1	2	2	0
21	33	2	2	1	0	1
21	34	2	2	1	0	2
21	35	2	2	1	1	1
21	36	2	2	1	2	2
21	37	2	2	2	0	1
21	38	2	2	2	0	2
21	39	2	2	2	1	2
21	40	2	2	2	2	1
22	0	0	0	1	1	1
22	1	0	1	2	0	1
22	2	0	2	1	1	1
22	3	0	2	1	2	0
22	4	0	2	2	1	2
22	5	0	2	2	2	0
22	6	1	0	0	1	2
22	7	1	0	1	0	1
22	8	1	0	1	2	0
22	9	1	0	2	1	0
22	10	1	1	0	0	2
22	11	1	1	0	1	2
22	12	1	1	1	0	2
22	13	1	1	1	1	2
22	14	1	1	2	0	0
22	15	1	1	2	0	1
22	16	1	1	2	2	0
22	17	1	1	2	2	1
22	18	1	2	0	0	0
22	19	1	2	1	1	0
22	20	1	2	1	2	2
22	21	1	2	2	1	0
22	22	1	2	2	2	1
22	23	2	0	0	0	0
22	24	2	0	2	0	2
22	25	2	1	0	1	0
22	26	2	1	0	1	1
22	27	2	1	0	2	1
22	28	2	1	0	2	2
22	29	2	1	1	1	0
22	30	2	1	1	1	1
22	31	2	1	2	2	0
22	32	2	1	2	2	1
22	33	2	2	1	0	1
22	34	2	2	1	0	2
22	35	2	2	1	1	1
22	36	2	2	1	2	2
22	37	2	2	2	0	1
22	38	2	2	2	0	2
22	39	2	2	2	1	2
22	40	2	2	2	2	1
23	0	0	0	1	0	2
23	1	0	1	0	0	1
23	2	0	2	0	0	0
23	3	0	2	1	1	1
23	4	0	2	1	2	0
23	5	0	2	2	1	2
23	6	1	0	0	0	0
23	7	1	0	0	1	1
23	8	1	0	1	2	1
23	9	1	0	2	2	2
23	10	1	1	0	1	1
23	11	1	1	0	1	2
23	12	1	1	1	1	0
23	13	1	1	1	2	1
23	14	1	1	1	2	2
23	15	1	1	2	1	0
23	16	1	1	2	2	1
23	17	1	1	2	2	2
23	18	1	2	0	0	0
23	19	1	2	1	1	0
23	20	1	2	1	2	2
23	21	1	2	2	1	0
23	22	1	2	2	2	1
23	23	2	0	0	1	0
23	24	2	0	0	2	0
23	25	2	1	0	0	1
23	26	2	1	0	0	2
23	27	2	1	0	1	1
23	28	2	1	0	1	2
23	29	2	1	1	0	0
23	30	2	1	1	2	0
23	31	2	1	2	0	0
23	32	2	1	2	2	0
23	33	2	2	1	0	1
23	34	2	2	1	0	2
23	35	2	2	1	1	1
23	36	2	2	1	2	2
23	37	2	2	2	0	1
23	38	2	2	2	0	2
23	39	2	2	2	1	2
23	40	2	2	2	2	1
24	0	0	0	2	0	1
24	1	0	1	0	0	1
24	2	0	2	0	0	0
24	3	0	2	1	1	1
24	4	0	2	1	2	0
24	5	0	2	2	1	2
24	6	1	0	0	1	1
24	7	1	0	0	1	2
24	8	1	0	1	2	1
24	9	1	0	2	2	2
24	10	1	1	0	1	1
24	11	1	1	0	1	2
24	12	1	1	1	1	0
24	13	1	1	1	2	1
24	14	1	1	1	2	2
24	15	1	1	2	1	0
24	16	1	1	2	2	1
24	17	1	1	2	2	2
24	18	1	2	0	0	0
24	19	1	2	1	1	0
24	20	1	2	1	2	2
24	21	1	2	2	1	0
24	22	1	2	2	2	1
24	23	2	0	0	1	0
24	24	2	0	0	2	0
24	25	2	1	0	0	1
24	26	2	1	0	0	2
24	27	2	1	0	1	1
24	28	2	1	0	1	2
24	29	2	1	1	0	0
24	30	2	1	1	2	0
24	31	2	1	2	0	0
24	32	2	1	2	2	0
24	33	2	2	1	0	1
24	34	2	2	1	0	2
24	35	2	2	1	1	1
24	36	2	2	1	2	2
24	37	2	2	2	0	1
24	38	2	2	2	0	2
24	39	2	2	2	1	2
24	40	2	2	2	2	1
25	0	0	1	0	0	1
25	1	0	1	0	0	2
25	2	0	2	1	1	1
25	3	0	2	1	2	0
25	4	0	2	2	1	2
25	5	0	2	2	2	0
25	6	1	0	0	2	1
25	7	1	0	0	2	2
25	8	1	0	1	1	2
25	9	1	0	2	1	1
25	10	1	1	0	0	1
25	11	1	1	0	0	2
25	12	1	1	0	2	1
25	13	1	1	0	2	2
25	14	1	1	1	0	0
25	15	1	1	1	1	0
25	16	1	1	2	0	0
25	17	1	1	2	1	0
25	18	1	2	0	0	0
25	19	1	2	1	1	0
25	20	1	2	1	2	2
25	21	1	2	2	1	0
25	22	1	2	2	2	1
25	23	2	0	1	0	1
25	24	2	0	2	0	2
25	25	2	1	0	2	1
25	26	2	1	0	2	2
25	27	2	1	1	1	1
25	28	2	1	1	1	2
25	29	2	1	1	2	0
25	30	2	1	2	1	1
25	31	2	1	2	1	2
25	32	2	1	2	2	0
25	33	2	2	1	0	1
25	34	2	2	1	0	2
25	35	2	2	1	1	1
25	36	2	2	1	2	2
25	37	2	2	2	0	1
25	38	2	2	2	0	2
25	39	2	2	2	1	2
25	40	2	2	2	2	1
26	0	0	0	0	0	1
26	1	0	1	0	0	0
26	2	0	1	1	1	1
26	3	0	1	1	2	0
26	4	0	2	0	1	0
26	5	0	2	0	2	0
26	6	1	0	0	0	0
26	7	1	0	1	1	0
26	8	1	0	1	2	2
26	9	1	0	2	1	0
26	10	1	0	2	2	1
26	11	1	1	0	0	0
26	12	1	1	0	2	1
26	13	1	1	0	2	2
26	14	1	1	1	1	2
26	15	1	2	0	0	1
26	16	1	2	0	0	2
26	17	1	2	0	2	1
26	18	1	2	0	2	2
26	19	1	2	1	0	0
26	20	1	2	1	1	0
26	21	1	2	2	0	0
26	22	1	2	2	1	0
26	23	2	0	1	0	1
26	24	2	0	2	0	2
26	25	2	1	0	2	1
26	26	2	1	0	2	2
26	27	2	1	1	1	1
26	28	2	1	1	1	2
26	29	2	1	1	2	0
26	30	2	1	2	1	1
26	31	2	1	2	1	2
26	32	2	1	2	2	0
26	33	2	2	1	0	1
26	34	2	2	1	0	2
26	35	2	2	1	1	1
26	36	2	2	1	2	2
26	37	2	2	2	0	1
26	38	2	2	2	0	2
26	39	2	2	2	1	2
26	40	2	2	2	2	1
27	0	0	0	0	0	1
27	1	0	0	0	0	2
27	2	0	1	0	0	0
27	3	0	1	1	2	0
27	4	0	1	2	2	0
27	5	0	2	0	2	0
27	6	1	0	0	0	0
27	7	1	0	1	1	0
27	8	1	0	1	2	2
27	9	1	0	2	1	0
27	10	1	0	2	2	1
27	11	1	1	0	2	1
27	12	1	1	0	2	2
27	13	1	1	1	1	2
27	14	1	1	2	1	1
27	15	1	2	0	0	1
27	16	1	2	0	0	2
27	17	1	2	0	2	1
27	18	1	2	0	2	2
27	19	1	2	1	0	0
27	20	1	2	1	1	0
27	21	1	2	2	0	0
27	22	1	2	2	1	0
27	23	2	0	1	0	1
27	24	2	0	2	0	2
27	25	2	1	0	2	1
27	26	2	1	0	2	2
27	27	2	1	1	1	1
27	28	2	1	1	1	2
27	29	2	1	1	2	0
27	30	2	1	2	1	1
27	31	2	1	2	1	2
27	32	2	1	2	2	0
27	33	2	2	1	0	1
27	34	2	2	1	0	2
27	35	2	2	1	1	1
27	36	2	2	1	2	2
27	37	2	2	2	0	1
27	38	2	2	2	0	2
27	39	2	2	2	1	2
27	40	2	2	2	2	1
28	0	0	0	1	2	1
28	1	0	1	0	1	0
28	2	0	1	1	2	2
28	3	0	1	2	0	2
28	4	0	1	2	1	1
28	5	0	2	1	1	2
28	6	1	0	0	0	1
28	7	1	0	1	0	1
28	8	1	0	1	2	0
28	9	1	0	2	1	1
28	10	1	1	0	0	2
28	11	1	1	1	0	0
28	12	1	1	2	1	1
28	13	1	1	2	2	0
28	14	1	1	2	2	2
28	15	1	2	0	0	1
28	16	1	2	0	1	1
28	17	1	2	1	0	0
28	18	1	2	1	0	1
28	19	1	2	1	1	1
28	20	1	2	2	1	0
28	21	1	2	2	1	2
28	22	1	2	2	2	0
28	23	2	0	1	0	2
28	24	2	0	2	0	1
28	25	2	1	0	1	1
28	26	2	1	0	1	2
28	27	2	1	1	1	0
28	28	2	1	1	2	1
28	29	2	1	1	2	2
28	30	2	1	2	1	0
28	31	2	1	2	2	1
28	32	2	1	2	2	2
28	33	2	2	1	0	1
28	34	2	2	1	0	2
28	35	2	2	1	1	1
28	36	2	2	1	2	2
28	37	2	2	2	0	1
28	38	2	2	2	0	2
28	39	2	2	2	1	2
28	40	2	2	2	2	1
29	0	0	0	0	1	0
29	1	0	1	1	1	1
29	2	0	1	2	1	2
29	3	0	2	0	2	0
29	4	0	2	1	0	1
29	5	0	2	2	0	2
29	6	1	0	1	0	1
29	7	1	0	1	0	2
29	8	1	0	2	0	1
29	9	1	0	2	0	2
29	10	1	1	0	1	0
29	11	1	1	0	2	1
29	12	1	1	0	2	2
29	13	1	1	1	0	1
29	14	1	1	1	2	0
29	15	1	1	2	0	2
29	16	1	1	2	2	0
29	17	1	2	0	2	1
29	18	1	2	0	2	2
29	19	1	2	1	0	2
29	20	1	2	1	2	0
29	21	1	2	2	0	1
29	22	1	2	2	2	0
29	23	2	0	0	1	0
29	24	2	0	0	2	0
29	25	2	1	0	1	1
29	26	2	1	0	1	2
29	27	2	1	0	2	1
29	28	2	1	0	2	2
29	29	2	1	1	1	0
29	30	2	1	1	2	0
29	31	2	1	2	1	0
29	32	2	1	2	2	0
29	33	2	2	1	0	1
29	34	2	2	1	0	2
29	35	2	2	1	1	1
29	36	2	2	1	2	2
29	37	2	2	2	0	1
29	38	2	2	2	0	2
29	39	2	2	2	1	2
29	40	2	2	2	2	1
30	0	0	0	0	0	0
30	1	0	1	1	0	2
30	2	0	1	2	0	1
30	3	0	2	0	2	0
30	4	0	2	1	1	2
30	5	0	2	2	1	1
30	6	1	0	1	2	1
30	7	1	0	1	2	2
30	8	1	0	2	2	1
30	9	1	0	2	2	2
30	10	1	1	0	0	1
30	11	1	1	0	0	2
30	12	1	1	0	1	0
30	13	1	1	1	0	0
30	14	1	1	1	2	2
30	15	1	1	2	0	0
30	16	1	1	2	2	1
30	17	1	2	0	0	1
30	18	1	2	0	0	2
30	19	1	2	0	1	0
30	20	1	2	1	0	0
30	21	1	2	1	2	1
30	22	1	2	2	0	0
30	23	2	0	0	1	0
30	24	2	0	0	2	0
30	25	2	1	0	1	1
30	26	2	1	0	1	2
30	27	2	1	0	2	1
30	28	2	1	0	2	2
30	29	2	1	1	1	0
30	30	2	1	1	2	0
30	31	2	1	2	1	0
30	32	2	1	2	2	0
30	33	2	2	1	0	1
30	34	2	2	1	0	2
30	35	2	2	1	1	1
30	36	2	2	1	2	2
30	37	2	2	2	0	1
30	38	2	2	2	0	2
30	39	2	2	2	1	2
30	40	2	2	2	2	1
31	0	0	0	1	2	0
31	1	0	0	2	2	0
31	2	0	1	0	1	1
31	3	0	1	1	0	1
31	4	0	2	0	0	0
31	5	0	2	0	1	0
31	6	1	0	0	1	0
31	7	1	0	0	2	1
31	8	1	0	0	2	2
31	9	1	0	1	0	2
31	10	1	0	2	0	1
31	11	1	0	2	0	2
31	12	1	1	0	1	0
31	13	1	1	1	0	0
31	14	1	1	2	0	0
31	15	1	1	2	2	1
31	16	1	2	0	1	1
31	17	1	2	0	1	2
31	18	1	2	0	2	1
31	19	1	2	0	2	2
31	20	1	2	1	0	0
31	21	1	2	1	1	0
31	22	1	2	2	0	0
31	23	2	0	1	0	1
31	24	2	0	2	0	2
31	25	2	1	0	2	1
31	26	2	1	0	2	2
31	27	2	1	1	1	1
31	28	2	1	1	1	2
31	29	2	1	1	2	0
31	30	2	1	2	1	1
31	31	2	1	2	1	2
31	32	2	1	2	2	0
31	33	2	2	1	0	1
31	34	2	2	1	0	2
31	35	2	2	1	1	1
31	36	2	2	1	2	2
31	37	2	2	2	0	1
31	38	2	2	2	0	2
31	39	2	2	2	1	2
31	40	2	2	2	2	1
32	0	0	0	0	0	2
32	1	0	0	2	1	2
32	2	0	1	0	1	2
32	3	0	1	1	0	0
32	4	0	1	2	1	1
32	5	0	2	1	0	2
32	6	0	2	2	0	0
32	7	1	0	0	0	0
32	8	1	0	1	1	1
32	9	1	0	1	2	1
32	10	1	0	2	0	2
32	11	1	0	2	2	1
32	12	1	1	0	0	2
32	13	1	1	0	2	1
32	14	1	1	1	0	2
32	15	1	1	2	2	0
32	16	1	1	2	2	2
32	17	1	2	0	1	1
32	18	1	2	0	2	1
32	19	1	2	1	0	1
32	20	1	2	1	1	2
32	21	1	2	1	2	2
32	22	1	2	2	0	2
32	23	2	0	1	0	0
32	24	2	1	1	1	1
32	25	2	1	1	1	2
32	26	2	1	1	2	1
32	27	2	1	1	2	2
32	28	2	1	2	1	0
32	29	2	1	2	1	1
32	30	2	1	2	2	0
32	31	2	1	2	2	1
32	32	2	2	0	0	0
32	33	2	2	1	0	1
32	34	2	2	1	0	2
32	35	2	2	1	1	0
32	36	2	2	1	2	0
32	37	2	2	2	1	1
32	38	2	2	2	1	2
32	39	2	2	2	2	1
32	40	2	2	2	2	2
33	0	0	0	0	1	0
33	1	0	0	0	2	0
33	2	0	2	0	0	0
33	3	0	2	1	1	1
33	4	0	2	1	2	0
33	5	0	2	2	1	2
33	6	0	2	2	2	0
33	7	1	0	0	0	0
33	8	1	0	0	2	1
33	9	1	0	0	2	2
33	10	1	1	0	0	1
33	11	1	1	0	0	2
33	12	1	1	0	2	1
33	13	1	1	0	2	2
33	14	1	1	1	0	0
33	15	1	1	1	1	0
33	16	1	1	2	0	0
33	17	1	1	2	1	0
33	18	1	2	0	0	0
33	19	1	2	1	1	0
33	20	1	2	1	2	2
33	21	1	2	2	1	0
33	22	1	2	2	2	1
33	23	2	0	1	0	1
33	24	2	0	2	0	2
33	25	2	1	0	2	1
33	26	2	1	0	2	2
33	27	2	1	1	1	1
33	28	2	1	1	1	2
33	29	2	1	1	2	0
33	30	2	1	2	1	1
33	31	2	1	2	1	2
33	32	2	1	2	2	0
33	33	2	2	1	0	1
33	34	2	2	1	0	2
33	35	2	2	1	1	1
33	36	2	2	1	2	2
33	37	2	2	2	0	1
33	38	2	2	2	0	2
33	39	2	2	2	1	2
33	40	2	2	2	2	1
34	0	0	0	0	1	0
34	1	0	0	0	2	0
34	2	0	2	0	0	0
34	3	0	2	1	1	1
34	4	0	2	1	2	0
34	5	0	2	2	1	2
34	6	0	2	2	2	0
34	7	1	0	0	0	0
34	8	1	0	0	2	1
34	9	1	0	1	1	2
34	10	1	1	0	0	1
34	11	1	1	0	0	2
34	12	1	1	0	2	1
34	13	1	1	0	2	2
34	14	1	1	1	0	0
34	15	1	1	1	1	0
34	16	1	1	2	0	0
34	17	1	1	2	1	0
34	18	1	2	0	0	0
34	19	1	2	1	1	0
34	20	1	2	1	2	2
34	21	1	2	2	1	0
34	22	1	2	2	2	1
34	23	2	0	1	0	1
34	24	2	0	2	0	2
34	25	2	1	0	2	1
34	26	2	1	0	2	2
34	27	2	1	1	1	1
34	28	2	1	1	1	2
34	29	2	1	1	2	0
34	30	2	1	2	1	1
34	31	2	1	2	1	2
34	32	2	1	2	2	0
34	33	2	2	1	0	1
34	34	2	2	1	0	2
34	35	2	2	1	1	1
34	36	2	2	1	2	2
34	37	2	2	2	0	1
34	38	2	2	2	0	2
34	39	2	2	2	1	2
34	40	2	2	2	2	1
35	0	0	0	0	1	0
35	1	0	0	0	2	0
35	2	0	2	0	0	0
35	3	0	2	1	1	1
35	4	0	2	1	2	0
35	5	0	2	2	1	2
35	6	0	2	2	2	0
35	7	1	0	0	0	0
35	8	1	0	1	1	2
35	9	1	0	2	1	1
35	10	1	1	0	0	1
35	11	1	1	0	0	2
35	12	1	1	0	2	1
35	13	1	1	0	2	2
35	14	1	1	1	0	0
35	15	1	1	1	1	0
35	16	1	1	2	0	0
35	17	1	1	2	1	0
35	18	1	2	0	0	0
35	19	1	2	1	1	0
35	20	1	2	1	2	2
35	21	1	2	2	1	0
35	22	1	2	2	2	1
35	23	2	0	1	0	1
35	24	2	0	2	0	2
35	25	2	1	0	2	1
35	26	2	1	0	2	2
35	27	2	1	1	1	1
35	28	2	1	1	1	2
35	29	2	1	1	2	0
35	30	2	1	2	1	1
35	31	2	1	2	1	2
35	32	2	1	2	2	0
35	33	2	2	1	0	1
35	34	2	2	1	0	2
35	35	2	2	1	1	1
35	36	2	2	1	2	2
35	37	2	2	2	0	1
35	38	2	2	2	0	2
35	39	2	2	2	1	2
35	40	2	2	2	2	1
36	0	0	0	0	0	1
36	1	0	1	0	0	0
36	2	0	1	1	1	1
36	3	0	1	1	2	0
36	4	0	1	2	1	2
36	5	0	2	0	1	0
36	6	0	2	0	2	0
36	7	1	0	0	0	0
36	8	1	0	1	1	0
36	9	1	0	1	2	2
36	10	1	0	2	1	0
36	11	1	0	2	2	1
36	12	1	1	0	2	2
36	13	1	1	1	1	2
36	14	1	1	2	1	1
36	15	1	2	0	0	1
36	16	1	2	0	0	2
36	17	1	2	0	2	1
36	18	1	2	0	2	2
36	19	1	2	1	0	0
36	20	1	2	1	1	0
36	21	1	2	2	0	0
36	22	1	2	2	1	0
36	23	2	0	1	0	1
36	24	2	0	2	0	2
36	25	2	1	0	2	1
36	26	2	1	0	2	2
36	27	2	1	1	1	1
36	28	2	1	1	1	2
36	29	2	1	1	2	0
36	30	2	1	2	1	1
36	31	2	1	2	1	2
36	32	2	1	2	2	0
36	33	2	2	1	0	1
36	34	2	2	1	0	2
36	35	2	2	1	1	1
36	36	2	2	1	2	2
36	37	2	2	2	0	1
36	38	2	2	2	0	2
36	39	2	2	2	1	2
36	40	2	2	2	2	1
37	0	0	0	0	0	1
37	1	0	1	0	0	0
37	2	0	1	1	1	1
37	3	0	1	2	1	2
37	4	0	1	2	2	0
37	5	0	2	0	1	0
37	6	0	2	0	2	0
37	7	1	0	0	0	0
37	8	1	0	1	1	0
37	9	1	0	1	2	2
37	10	1	0	2	1	0
37	11	1	0	2	2	1
37	12	1	1	0	0	0
37	13	1	1	0	2	1
37	14	1	1	1	1	2
37	15	1	2	0	0	1
37	16	1	2	0	0	2
37	17	1	2	0	2	1
37	18	1	2	0	2	2
37	19	1	2	1	0	0
37	20	1	2	1	1	0
37	21	1	2	2	0	0
37	22	1	2	2	1	0
37	23	2	0	1	0	1
37	24	2	0	2	0	2
37	25	2	1	0	2	1
37	26	2	1	0	2	2
37	27	2	1	1	1	1
37	28	2	1	1	1	2
37	29	2	1	1	2	0
37	30	2	1	2	1	1
37	31	2	1	2	1	2
37	32	2	1	2	2	0
37	33	2	2	1	0	1
37	34	2	2	1	0	2
37	35	2	2	1	1	1
37	36	2	2	1	2	2
37	37	2	2	2	0	1
37	38	2	2	2	0	2
37	39	2	2	2	1	2
37	40	2	2	2	2	1
38	0	0	0	0	0	1
38	1	0	1	0	0	0
38	2	0	1	1	1	0
38	3	0	1	2	1	0
38	4	0	1	2	2	1
38	5	0	2	1	0	1
38	6	0	2	2	0	2
38	7	1	0	0	0	0
38	8	1	0	1	1	1
38	9	1	0	1	2	0
38	10	1	0	2	1	2
38	11	1	0	2	2	0
38	12	1	1	0	2	1
38	13	1	1	0	2	2
38	14	1	1	2	1	1
38	15	1	2	0	2	1
38	16	1	2	0	2	2
38	17	1	2	1	1	1
38	18	1	2	1	1	2
38	19	1	2	1	2	0
38	20	1	2	2	1	1
38	21	1	2	2	1	2
38	22	1	2	2	2	0
38	23	2	0	0	1	0
38	24	2	0	0	2	0
38	25	2	1	0	0	1
38	26	2	1	0	0	2
38	27	2	1	0	2	1
38	28	2	1	0	2	2
38	29	2	1	1	0	0
38	30	2	1	1	1	0
38	31	2	1	2	0	0
38	32	2	1	2	1	0
38	33	2	2	1	0	1
38	34	2	2	1	0	2
38	35	2	2	1	1	1
38	36	2	2	1	2	2
38	37	2	2	2	0	1
38	38	2	2	2	0	2
38	39	2	2	2	1	2
38	40	2	2	2	2	1
39	0	0	0	0	0	1
39	1	0	0	0	0	2
39	2	0	1	0	0	0
39	3	0	1	1	1	1
39	4	0	1	2	1	2
39	5	0	2	0	1	0
39	6	0	2	0	2	0
39	7	1	0	0	0	0
39	8	1	0	1	1	0
39	9	1	0	1	2	2
39	10	1	0	2	1	0
39	11	1	0	2	2	1
39	12	1	1	0	0	0
39	13	1	1	0	2	1
39	14	1	1	0	2	2
39	15	1	2	0	0	1
39	16	1	2	0	0	2
39	17	1	2	0	2	1
39	18	1	2	0	2	2
39	19	1	2	1	0	0
39	20	1	2	1	1	0
39	21	1	2	2	0	0
39	22	1	2	2	1	0
39	23	2	0	1	0	1
39	24	2	0	2	0	2
39	25	2	1	0	2	1
39	26	2	1	0	2	2
39	27	2	1	1	1	1
39	28	2	1	1	1	2
39	29	2	1	1	2	0
39	30	2	1	2	1	1
39	31	2	1	2	1	2
39	32	2	1	2	2	0
39	33	2	2	1	0	1
39	34	2	2	1	0	2
39	35	2	2	1	1	1
39	36	2	2	1	2	2
39	37	2	2	2	0	1
39	38	2	2	2	0	2
39	39	2	2	2	1	2
39	40	2	2	2	2	1
40	0	0	0	0	1	0
40	1	0	1	0	0	2
40	2	0	2	0	0	0
40	3	0	2	1	1	1
40	4	0	2	1	2	0
40	5	0	2	2	1	2
40	6	0	2	2	2	0
40	7	1	0	0	0	0
40	8	1	0	0	2	1
40	9	1	0	0	2	2
40	10	1	0	1	1	2
40	11	1	1	0	0	1
40	12	1	1	0	0	2
40	13	1	1	0	2	1
40	14	1	1	0	2	2
40	15	1	1	1	0	0
40	16	1	1	1	1	0
40	17	1	1	2	1	0
40	18	1	2	0	0	0
40	19	1	2	1	1	0
40	20	1	2	1	2	2
40	21	1	2	2	1	0
40	22	1	2	2	2	1
40	23	2	0	1	0	1
40	24	2	0	2	0	2
40	25	2	1	0	2	1
40	26	2	1	0	2	2
40	27	2	1	1	1	1
40	28	2	1	1	1	2
40	29	2	1	1	2	0
40	30	2	1	2	1	1
40	31	2	1	2	1	2
40	32	2	1	2	2	0
40	33	2	2	1	0	1
40	34	2	2	1	0	2
40	35	2	2	1	1	1
40	36	2	2	1	2	2
40	37	2	2	2	0	1
40	38	2	2	2	0	2
40	39	2	2	2	1	2
40	40	2	2	2	2	1
41	0	0	0	0	1	1
41	1	0	0	0	1	2
41	2	0	0	0	2	1
41	3	0	0	0	2	2
41	4	0	0	1	0	1
41	5	0	0	1	0	2
41	6	0	0	2	0	1
41	7	0	0	2	0	2
41	8	0	1	0	0	1
41	9	0	1	0	0	2
41	10	0	1	1	1	0
41	11	0	1	1	2	0
41	12	0	1	2	1	0
41	13	0	1	2	2	0
41	14	0	2	0	0	1
41	15	0	2	0	0	2
41	16	0	2	1	1	0
41	17	0	2	1	2	0
41	18	0	2	2	1	0
41	19	0	2	2	2	0
41	20	1	0	0	1	0
41	21	1	0	0	2	0
41	22	1	1	0	1	0
41	23	1	1	0	1	1
41	24	1	1	0	2	2
41	25	1	1	1	0	0
41	26	1	1	1	0	1
41	27	1	1	1	1	2
41	28	1	1	2	0	0
41	29	1	1	2	0	1
41	30	1	1	2	1	2
41	31	1	2	0	1	1
41	32	1	2	0	2	0
41	33	1	2	0	2	2
41	34	1	2	1	0	0
41	35	1	2	1	0	2
41	36	1	2	1	2	1
41	37	1	2	2	0	0
41	38	1	2	2	0	2
41	39	1	2	2	2	1
41	40	2	0	0	0	0
42	0	0	0	0	0	2
42	1	0	0	1	1	0
42	2	0	0	1	2	0
42	3	0	0	2	1	0
42	4	0	0	2	2	0
42	5	1	0	0	0	0
42	6	1	0	0	1	1
42	7	1	0	0	2	1
42	8	1	0	1	0	1
42	9	1	0	1	1	2
42	10	1	0	1	2	2
42	11	1	0	2	0	1
42	12	1	0	2	1	2
42	13	1	0	2	2	2
42	14	1	1	0	1	0
42	15	1	1	0	2	0
42	16	1	1	1	0	0
42	17	1	1	2	0	0
42	18	1	2	0	0	1
42	19	1	2	1	1	0
42	20	1	2	1	2	0
42	21	1	2	2	1	0
42	22	1	2	2	2	0
42	23	2	0	0	0	0
42	24	2	0	0	0	2
42	25	2	1	0	1	1
42	26	2	1	0	1	2
42	27	2	1	0	2	1
42	28	2	1	0	2	2
42	29	2	1	1	0	1
42	30	2	1	1	0	2
42	31	2	1	2	0	1
42	32	2	1	2	0	2
42	33	2	2	1	1	1
42	34	2	2	1	1	2
42	35	2	2	1	2	1
42	36	2	2	1	2	2
42	37	2	2	2	1	1
42	38	2	2	2	1	2
42	39	2	2	2	2	1
42	40	2	2	2	2	2
43	0	0	0	0	0	0
43	1	0	1	0	1	0
43	2	0	1	0	2	0
43	3	0	2	1	0	0
43	4	0	2	2	0	0
43	5	1	0	0	1	1
43	6	1	0	0	2	1
43	7	1	0	1	0	2
43	8	1	0	2	0	2
43	9	1	1	0	0	2
43	10	1	1	1	0	1
43	11	1	1	1	1	0
43	12	1	1	1	2	0
43	13	1	1	2	0	1
43	14	1	1	2	1	0
43	15	1	1	2	2	0
43	16	1	2	0	0	1
43	17	1	2	0	1	2
43	18	1	2	0	2	2
43	19	1	2	1	1	0
43	20	1	2	1	2	0
43	21	1	2	2	1	0
43	22	1	2	2	2	0
43	23	2	1	0	0	0
43	24	2	1	0	1	2
43	25	2	1	0	2	2
43	26	2	1	1	0	2
43	27	2	1	1	1	1
43	28	2	1	1	2	1
43	29	2	1	2	0	2
43	30	2	1	2	1	1
43	31	2	1	2	2	1
43	32	2	2	0	0	0
43	33	2	2	0	1	1
43	34	2	2	0	2	1
43	35	2	2	1	0	1
43	36	2	2	1	1	2
43	37	2	2	1	2	2
43	38	2	2	2	0	1
43	39	2	2	2	1	2
43	40	2	2	2	2	2
